{"cameraMode":{"drawMode":0,"name":"Shaded","section":"Shading Mode"},"sceneLighting":true,"audioPlay":false,"sceneViewState":{"showFog":true,"showMaterialUpdate":true,"showSkybox":true,"showFlares":true,"showImageEffects":true,"showParticleSystems":true},"in2DMode":false,"pivot":{"x":-8.190958023071289,"y":-2.751819133758545,"z":-6.392093658447266},"rotation":{"x":-0.14355149865150453,"y":0.28139880299568179,"z":-0.042618341743946078,"w":-0.9478355050086975},"size":20.3908634185791,"orthographic":false}